timestamp,delta,theta,low-alpha,high-alpha,low-beta,high-beta,low-gamma,mid-gamma
2025-07-26T21:40:14.666437,0.03343465045592705,0.10638297872340426,0.1580547112462006,0.1276595744680851,0.182370820668693,0.1884498480243161,0.0972644376899696,0.10638297872340426
2025-07-26T21:41:14.667460,0.03343465045592705,0.10638297872340426,0.1580547112462006,0.1276595744680851,0.182370820668693,0.1884498480243161,0.0972644376899696,0.10638297872340426
2025-07-26T21:42:14.668747,0.03343465045592705,0.10638297872340426,0.1580547112462006,0.1276595744680851,0.182370820668693,0.1884498480243161,0.0972644376899696,0.10638297872340426
2025-07-26T21:43:14.672375,0.03343465045592705,0.10638297872340426,0.1580547112462006,0.1276595744680851,0.182370820668693,0.1884498480243161,0.0972644376899696,0.10638297872340426
2025-07-26T21:44:14.673485,0.03343465045592705,0.10638297872340426,0.1580547112462006,0.1276595744680851,0.182370820668693,0.1884498480243161,0.0972644376899696,0.10638297872340426
2025-07-26T21:45:14.674866,0.11552346570397112,0.1371841155234657,0.09386281588447654,0.1444043321299639,0.1624548736462094,0.1263537906137184,0.11552346570397112,0.10469314079422383
2025-07-26T21:46:14.675927,0.11552346570397112,0.1371841155234657,0.09386281588447654,0.1444043321299639,0.1624548736462094,0.1263537906137184,0.11552346570397112,0.10469314079422383
2025-07-26T21:47:14.677508,0.11552346570397112,0.1371841155234657,0.09386281588447654,0.1444043321299639,0.1624548736462094,0.1263537906137184,0.11552346570397112,0.10469314079422383
2025-07-26T21:48:14.678608,0.11552346570397112,0.1371841155234657,0.09386281588447654,0.1444043321299639,0.1624548736462094,0.1263537906137184,0.11552346570397112,0.10469314079422383
2025-07-26T21:49:14.781459,0.19705882352941176,0.1,0.15588235294117647,0.09411764705882353,0.12058823529411765,0.11470588235294117,0.10294117647058823,0.11470588235294117
2025-07-26T21:50:14.782816,0.19705882352941176,0.1,0.15588235294117647,0.09411764705882353,0.12058823529411765,0.11470588235294117,0.10294117647058823,0.11470588235294117
2025-07-26T21:51:14.784745,0.19705882352941176,0.1,0.15588235294117647,0.09411764705882353,0.12058823529411765,0.11470588235294117,0.10294117647058823,0.11470588235294117
2025-07-26T21:52:14.786086,0.12796208530805686,0.061611374407582936,0.07109004739336493,0.07109004739336493,0.1848341232227488,0.14218009478672985,0.1895734597156398,0.15165876777251186
2025-07-26T21:53:14.788542,0.12796208530805686,0.061611374407582936,0.07109004739336493,0.07109004739336493,0.1848341232227488,0.14218009478672985,0.1895734597156398,0.15165876777251186
2025-07-26T21:54:14.789078,0.12796208530805686,0.061611374407582936,0.07109004739336493,0.07109004739336493,0.1848341232227488,0.14218009478672985,0.1895734597156398,0.15165876777251186
2025-07-26T21:55:14.790831,0.12796208530805686,0.061611374407582936,0.07109004739336493,0.07109004739336493,0.1848341232227488,0.14218009478672985,0.1895734597156398,0.15165876777251186
2025-07-26T21:56:14.791825,0.11971830985915492,0.09154929577464789,0.18309859154929578,0.07394366197183098,0.15492957746478872,0.11971830985915492,0.1443661971830986,0.11267605633802817
2025-07-26T21:57:14.793028,0.11971830985915492,0.09154929577464789,0.18309859154929578,0.07394366197183098,0.15492957746478872,0.11971830985915492,0.1443661971830986,0.11267605633802817
2025-07-26T21:58:14.795074,0.11971830985915492,0.09154929577464789,0.18309859154929578,0.07394366197183098,0.15492957746478872,0.11971830985915492,0.1443661971830986,0.11267605633802817
2025-07-26T21:59:14.795445,0.11971830985915492,0.09154929577464789,0.18309859154929578,0.07394366197183098,0.15492957746478872,0.11971830985915492,0.1443661971830986,0.11267605633802817
2025-07-26T22:00:14.897503,0.09454545454545454,0.10181818181818182,0.10181818181818182,0.10909090909090909,0.20363636363636364,0.15636363636363637,0.15272727272727274,0.08
2025-07-26T22:01:14.898613,0.09454545454545454,0.10181818181818182,0.10181818181818182,0.10909090909090909,0.20363636363636364,0.15636363636363637,0.15272727272727274,0.08
2025-07-26T22:02:14.899719,0.09454545454545454,0.10181818181818182,0.10181818181818182,0.10909090909090909,0.20363636363636364,0.15636363636363637,0.15272727272727274,0.08
2025-07-26T22:03:14.900927,0.09454545454545454,0.10181818181818182,0.10181818181818182,0.10909090909090909,0.20363636363636364,0.15636363636363637,0.15272727272727274,0.08
2025-07-26T22:04:14.902581,0.09454545454545454,0.10181818181818182,0.10181818181818182,0.10909090909090909,0.20363636363636364,0.15636363636363637,0.15272727272727274,0.08
2025-07-26T22:05:14.903687,0.09454545454545454,0.10181818181818182,0.10181818181818182,0.10909090909090909,0.20363636363636364,0.15636363636363637,0.15272727272727274,0.08
2025-07-26T22:06:15.006806,0.09375,0.165625,0.13125,0.175,0.1375,0.1125,0.059375,0.125
2025-07-26T22:07:15.007603,0.09375,0.165625,0.13125,0.175,0.1375,0.1125,0.059375,0.125
2025-07-26T22:08:15.008700,0.09375,0.165625,0.13125,0.175,0.1375,0.1125,0.059375,0.125
2025-07-26T22:09:15.110801,0.08741258741258741,0.10839160839160839,0.15384615384615385,0.15034965034965034,0.18181818181818182,0.1258741258741259,0.06993006993006994,0.12237762237762238
2025-07-26T22:10:15.111921,0.08741258741258741,0.10839160839160839,0.15384615384615385,0.15034965034965034,0.18181818181818182,0.1258741258741259,0.06993006993006994,0.12237762237762238
2025-07-26T22:11:15.113181,0.08741258741258741,0.10839160839160839,0.15384615384615385,0.15034965034965034,0.18181818181818182,0.1258741258741259,0.06993006993006994,0.12237762237762238
2025-07-26T22:12:15.114562,0.08741258741258741,0.10839160839160839,0.15384615384615385,0.15034965034965034,0.18181818181818182,0.1258741258741259,0.06993006993006994,0.12237762237762238
2025-07-26T22:13:15.115779,0.07518796992481203,0.14285714285714285,0.10526315789473684,0.24436090225563908,0.14285714285714285,0.11654135338345864,0.11654135338345864,0.05639097744360902
2025-07-26T22:14:15.117044,0.07518796992481203,0.14285714285714285,0.10526315789473684,0.24436090225563908,0.14285714285714285,0.11654135338345864,0.11654135338345864,0.05639097744360902
2025-07-26T22:15:15.120108,0.07518796992481203,0.14285714285714285,0.10526315789473684,0.24436090225563908,0.14285714285714285,0.11654135338345864,0.11654135338345864,0.05639097744360902
2025-07-26T22:16:15.120842,0.07518796992481203,0.14285714285714285,0.10526315789473684,0.24436090225563908,0.14285714285714285,0.11654135338345864,0.11654135338345864,0.05639097744360902
2025-07-26T22:17:15.122808,0.025,0.17916666666666667,0.18333333333333332,0.09166666666666666,0.15833333333333333,0.12916666666666668,0.10833333333333334,0.125
2025-07-26T22:18:15.123719,0.025,0.17916666666666667,0.18333333333333332,0.09166666666666666,0.15833333333333333,0.12916666666666668,0.10833333333333334,0.125
2025-07-26T22:19:15.124887,0.025,0.17916666666666667,0.18333333333333332,0.09166666666666666,0.15833333333333333,0.12916666666666668,0.10833333333333334,0.125
2025-07-26T22:20:15.126552,0.025,0.17916666666666667,0.18333333333333332,0.09166666666666666,0.15833333333333333,0.12916666666666668,0.10833333333333334,0.125
2025-07-26T22:21:15.127361,0.025,0.17916666666666667,0.18333333333333332,0.09166666666666666,0.15833333333333333,0.12916666666666668,0.10833333333333334,0.125
2025-07-26T22:22:15.128046,0.025,0.17916666666666667,0.18333333333333332,0.09166666666666666,0.15833333333333333,0.12916666666666668,0.10833333333333334,0.125
2025-07-26T22:23:15.131040,0.04918032786885246,0.11065573770491803,0.1762295081967213,0.045081967213114756,0.12704918032786885,0.1680327868852459,0.13934426229508196,0.18442622950819673
2025-07-26T22:24:15.131438,0.04918032786885246,0.11065573770491803,0.1762295081967213,0.045081967213114756,0.12704918032786885,0.1680327868852459,0.13934426229508196,0.18442622950819673
2025-07-26T22:25:15.133683,0.04918032786885246,0.11065573770491803,0.1762295081967213,0.045081967213114756,0.12704918032786885,0.1680327868852459,0.13934426229508196,0.18442622950819673
2025-07-26T22:26:15.134789,0.04918032786885246,0.11065573770491803,0.1762295081967213,0.045081967213114756,0.12704918032786885,0.1680327868852459,0.13934426229508196,0.18442622950819673
2025-07-26T22:27:15.136775,0.12658227848101267,0.10126582278481013,0.12658227848101267,0.16772151898734178,0.13291139240506328,0.15822784810126583,0.09177215189873418,0.0949367088607595
2025-07-26T22:28:15.138099,0.12658227848101267,0.10126582278481013,0.12658227848101267,0.16772151898734178,0.13291139240506328,0.15822784810126583,0.09177215189873418,0.0949367088607595
2025-07-26T22:29:15.139195,0.12658227848101267,0.10126582278481013,0.12658227848101267,0.16772151898734178,0.13291139240506328,0.15822784810126583,0.09177215189873418,0.0949367088607595
2025-07-26T22:30:15.141178,0.12658227848101267,0.10126582278481013,0.12658227848101267,0.16772151898734178,0.13291139240506328,0.15822784810126583,0.09177215189873418,0.0949367088607595
2025-07-26T22:31:15.142306,0.12658227848101267,0.10126582278481013,0.12658227848101267,0.16772151898734178,0.13291139240506328,0.15822784810126583,0.09177215189873418,0.0949367088607595
2025-07-26T22:32:15.143772,0.14376996805111822,0.12140575079872204,0.12779552715654952,0.15335463258785942,0.1757188498402556,0.0926517571884984,0.11182108626198083,0.07348242811501597
2025-07-26T22:33:15.145043,0.14376996805111822,0.12140575079872204,0.12779552715654952,0.15335463258785942,0.1757188498402556,0.0926517571884984,0.11182108626198083,0.07348242811501597
2025-07-26T22:34:15.146575,0.14376996805111822,0.12140575079872204,0.12779552715654952,0.15335463258785942,0.1757188498402556,0.0926517571884984,0.11182108626198083,0.07348242811501597
2025-07-26T22:35:15.147664,0.14376996805111822,0.12140575079872204,0.12779552715654952,0.15335463258785942,0.1757188498402556,0.0926517571884984,0.11182108626198083,0.07348242811501597
2025-07-26T22:36:15.148724,0.08360128617363344,0.10932475884244373,0.1607717041800643,0.15112540192926044,0.13504823151125403,0.15112540192926044,0.1157556270096463,0.0932475884244373
2025-07-26T22:37:15.150435,0.08360128617363344,0.10932475884244373,0.1607717041800643,0.15112540192926044,0.13504823151125403,0.15112540192926044,0.1157556270096463,0.0932475884244373
2025-07-26T22:38:15.151410,0.08360128617363344,0.10932475884244373,0.1607717041800643,0.15112540192926044,0.13504823151125403,0.15112540192926044,0.1157556270096463,0.0932475884244373
2025-07-26T22:39:15.255242,0.14334470989761092,0.21843003412969283,0.08191126279863481,0.12286689419795221,0.09215017064846416,0.08191126279863481,0.19112627986348124,0.06825938566552901
2025-07-26T22:40:15.255862,0.14334470989761092,0.21843003412969283,0.08191126279863481,0.12286689419795221,0.09215017064846416,0.08191126279863481,0.19112627986348124,0.06825938566552901
2025-07-26T22:41:15.257173,0.14334470989761092,0.21843003412969283,0.08191126279863481,0.12286689419795221,0.09215017064846416,0.08191126279863481,0.19112627986348124,0.06825938566552901
2025-07-26T22:42:15.258782,0.1276595744680851,0.3191489361702128,0.09929078014184398,0.13829787234042554,0.09929078014184398,0.07446808510638298,0.05673758865248227,0.0851063829787234
2025-07-26T22:43:15.260117,0.1276595744680851,0.3191489361702128,0.09929078014184398,0.13829787234042554,0.09929078014184398,0.07446808510638298,0.05673758865248227,0.0851063829787234
2025-07-26T22:44:15.262145,0.1276595744680851,0.3191489361702128,0.09929078014184398,0.13829787234042554,0.09929078014184398,0.07446808510638298,0.05673758865248227,0.0851063829787234
2025-07-26T22:45:15.263057,0.1276595744680851,0.3191489361702128,0.09929078014184398,0.13829787234042554,0.09929078014184398,0.07446808510638298,0.05673758865248227,0.0851063829787234
2025-07-26T22:46:15.266179,0.1276595744680851,0.3191489361702128,0.09929078014184398,0.13829787234042554,0.09929078014184398,0.07446808510638298,0.05673758865248227,0.0851063829787234
2025-07-26T22:47:15.367458,0.1638655462184874,0.21428571428571427,0.07983193277310924,0.10084033613445378,0.08403361344537816,0.12184873949579832,0.10084033613445378,0.13445378151260504
2025-07-26T22:48:15.368547,0.11403508771929824,0.14327485380116958,0.14912280701754385,0.14619883040935672,0.1111111111111111,0.09064327485380116,0.13450292397660818,0.1111111111111111
2025-07-26T22:49:15.370480,0.11403508771929824,0.14327485380116958,0.14912280701754385,0.14619883040935672,0.1111111111111111,0.09064327485380116,0.13450292397660818,0.1111111111111111
2025-07-26T22:50:15.371693,0.11403508771929824,0.14327485380116958,0.14912280701754385,0.14619883040935672,0.1111111111111111,0.09064327485380116,0.13450292397660818,0.1111111111111111
2025-07-26T22:51:15.372896,0.11403508771929824,0.14327485380116958,0.14912280701754385,0.14619883040935672,0.1111111111111111,0.09064327485380116,0.13450292397660818,0.1111111111111111
2025-07-26T22:52:15.373957,0.12140575079872204,0.21725239616613418,0.11501597444089456,0.07987220447284345,0.14376996805111822,0.10543130990415335,0.10223642172523961,0.11501597444089456
2025-07-26T22:53:15.375180,0.12140575079872204,0.21725239616613418,0.11501597444089456,0.07987220447284345,0.14376996805111822,0.10543130990415335,0.10223642172523961,0.11501597444089456
2025-07-26T22:54:15.377587,0.12140575079872204,0.21725239616613418,0.11501597444089456,0.07987220447284345,0.14376996805111822,0.10543130990415335,0.10223642172523961,0.11501597444089456
2025-07-26T22:55:15.377991,0.12140575079872204,0.21725239616613418,0.11501597444089456,0.07987220447284345,0.14376996805111822,0.10543130990415335,0.10223642172523961,0.11501597444089456
2025-07-26T22:56:15.480013,0.19402985074626866,0.13805970149253732,0.08208955223880597,0.11194029850746269,0.1455223880597015,0.08955223880597014,0.15671641791044777,0.08208955223880597
2025-07-26T22:57:15.481246,0.19402985074626866,0.13805970149253732,0.08208955223880597,0.11194029850746269,0.1455223880597015,0.08955223880597014,0.15671641791044777,0.08208955223880597
2025-07-26T22:58:15.482353,0.19402985074626866,0.13805970149253732,0.08208955223880597,0.11194029850746269,0.1455223880597015,0.08955223880597014,0.15671641791044777,0.08208955223880597
2025-07-26T22:59:15.484158,0.12234042553191489,0.10904255319148937,0.14893617021276595,0.18351063829787234,0.1196808510638298,0.08776595744680851,0.1276595744680851,0.10106382978723404
2025-07-26T23:00:15.485387,0.12234042553191489,0.10904255319148937,0.14893617021276595,0.18351063829787234,0.1196808510638298,0.08776595744680851,0.1276595744680851,0.10106382978723404
2025-07-26T23:01:15.487657,0.12234042553191489,0.10904255319148937,0.14893617021276595,0.18351063829787234,0.1196808510638298,0.08776595744680851,0.1276595744680851,0.10106382978723404
2025-07-26T23:02:15.488148,0.12234042553191489,0.10904255319148937,0.14893617021276595,0.18351063829787234,0.1196808510638298,0.08776595744680851,0.1276595744680851,0.10106382978723404
2025-07-26T23:03:15.489263,0.12234042553191489,0.10904255319148937,0.14893617021276595,0.18351063829787234,0.1196808510638298,0.08776595744680851,0.1276595744680851,0.10106382978723404
2025-07-26T23:04:15.490643,0.12234042553191489,0.10904255319148937,0.14893617021276595,0.18351063829787234,0.1196808510638298,0.08776595744680851,0.1276595744680851,0.10106382978723404
2025-07-26T23:05:15.491731,0.12234042553191489,0.10904255319148937,0.14893617021276595,0.18351063829787234,0.1196808510638298,0.08776595744680851,0.1276595744680851,0.10106382978723404
2025-07-26T23:06:15.493801,0.16470588235294117,0.24313725490196078,0.10196078431372549,0.03529411764705882,0.12156862745098039,0.10196078431372549,0.11372549019607843,0.11764705882352941
2025-07-26T23:07:15.494395,0.16470588235294117,0.24313725490196078,0.10196078431372549,0.03529411764705882,0.12156862745098039,0.10196078431372549,0.11372549019607843,0.11764705882352941
2025-07-26T23:08:15.495677,0.16470588235294117,0.24313725490196078,0.10196078431372549,0.03529411764705882,0.12156862745098039,0.10196078431372549,0.11372549019607843,0.11764705882352941
2025-07-26T23:09:15.497347,0.16470588235294117,0.24313725490196078,0.10196078431372549,0.03529411764705882,0.12156862745098039,0.10196078431372549,0.11372549019607843,0.11764705882352941
2025-07-26T23:10:15.498388,0.19093851132686085,0.08090614886731391,0.16828478964401294,0.13268608414239483,0.16181229773462782,0.12944983818770225,0.07119741100323625,0.06472491909385113
2025-07-26T23:11:15.499792,0.19093851132686085,0.08090614886731391,0.16828478964401294,0.13268608414239483,0.16181229773462782,0.12944983818770225,0.07119741100323625,0.06472491909385113
2025-07-26T23:12:15.500907,0.19093851132686085,0.08090614886731391,0.16828478964401294,0.13268608414239483,0.16181229773462782,0.12944983818770225,0.07119741100323625,0.06472491909385113
2025-07-26T23:13:15.501913,0.19093851132686085,0.08090614886731391,0.16828478964401294,0.13268608414239483,0.16181229773462782,0.12944983818770225,0.07119741100323625,0.06472491909385113
2025-07-26T23:14:15.603979,0.07456140350877193,0.22807017543859648,0.07894736842105263,0.10526315789473684,0.13596491228070176,0.12280701754385964,0.14035087719298245,0.11403508771929824
2025-07-26T23:15:15.606062,0.07456140350877193,0.22807017543859648,0.07894736842105263,0.10526315789473684,0.13596491228070176,0.12280701754385964,0.14035087719298245,0.11403508771929824
2025-07-26T23:16:15.607313,0.07456140350877193,0.22807017543859648,0.07894736842105263,0.10526315789473684,0.13596491228070176,0.12280701754385964,0.14035087719298245,0.11403508771929824
2025-07-26T23:17:15.709825,0.08813559322033898,0.13220338983050847,0.13220338983050847,0.2,0.1288135593220339,0.10508474576271186,0.09152542372881356,0.12203389830508475
2025-07-26T23:18:15.711351,0.08813559322033898,0.13220338983050847,0.13220338983050847,0.2,0.1288135593220339,0.10508474576271186,0.09152542372881356,0.12203389830508475
2025-07-26T23:19:15.914338,0.048582995951417005,0.13765182186234817,0.1659919028340081,0.0931174089068826,0.21862348178137653,0.12955465587044535,0.10931174089068826,0.09716599190283401
2025-07-26T23:20:15.916487,0.048582995951417005,0.13765182186234817,0.1659919028340081,0.0931174089068826,0.21862348178137653,0.12955465587044535,0.10931174089068826,0.09716599190283401
2025-07-26T23:21:15.916965,0.048582995951417005,0.13765182186234817,0.1659919028340081,0.0931174089068826,0.21862348178137653,0.12955465587044535,0.10931174089068826,0.09716599190283401
2025-07-26T23:22:16.018975,0.025,0.039285714285714285,0.08214285714285714,0.21428571428571427,0.12857142857142856,0.17142857142857143,0.17857142857142858,0.16071428571428573
2025-07-26T23:23:16.020428,0.025,0.039285714285714285,0.08214285714285714,0.21428571428571427,0.12857142857142856,0.17142857142857143,0.17857142857142858,0.16071428571428573
2025-07-26T23:24:16.022620,0.025,0.039285714285714285,0.08214285714285714,0.21428571428571427,0.12857142857142856,0.17142857142857143,0.17857142857142858,0.16071428571428573
2025-07-26T23:25:16.023142,0.025,0.039285714285714285,0.08214285714285714,0.21428571428571427,0.12857142857142856,0.17142857142857143,0.17857142857142858,0.16071428571428573
2025-07-26T23:26:16.024403,0.025,0.039285714285714285,0.08214285714285714,0.21428571428571427,0.12857142857142856,0.17142857142857143,0.17857142857142858,0.16071428571428573
2025-07-26T23:27:16.025925,0.025,0.039285714285714285,0.08214285714285714,0.21428571428571427,0.12857142857142856,0.17142857142857143,0.17857142857142858,0.16071428571428573
2025-07-26T23:28:16.027095,0.025,0.039285714285714285,0.08214285714285714,0.21428571428571427,0.12857142857142856,0.17142857142857143,0.17857142857142858,0.16071428571428573
2025-07-26T23:29:16.129741,0.059602649006622516,0.32781456953642385,0.08278145695364239,0.046357615894039736,0.1423841059602649,0.10264900662251655,0.11589403973509933,0.12251655629139073
2025-07-26T23:30:16.130826,0.059602649006622516,0.32781456953642385,0.08278145695364239,0.046357615894039736,0.1423841059602649,0.10264900662251655,0.11589403973509933,0.12251655629139073
2025-07-26T23:31:16.132012,0.059602649006622516,0.32781456953642385,0.08278145695364239,0.046357615894039736,0.1423841059602649,0.10264900662251655,0.11589403973509933,0.12251655629139073
2025-07-26T23:32:16.234287,0.1875,0.13194444444444445,0.09375,0.11458333333333333,0.1527777777777778,0.11458333333333333,0.09027777777777778,0.11458333333333333
2025-07-26T23:33:16.235372,0.1875,0.13194444444444445,0.09375,0.11458333333333333,0.1527777777777778,0.11458333333333333,0.09027777777777778,0.11458333333333333
2025-07-26T23:34:16.236446,0.1875,0.13194444444444445,0.09375,0.11458333333333333,0.1527777777777778,0.11458333333333333,0.09027777777777778,0.11458333333333333
2025-07-26T23:35:16.237540,0.147239263803681,0.19631901840490798,0.10122699386503067,0.09202453987730061,0.11042944785276074,0.11349693251533742,0.12269938650306748,0.1165644171779141
2025-07-26T23:36:16.238929,0.147239263803681,0.19631901840490798,0.10122699386503067,0.09202453987730061,0.11042944785276074,0.11349693251533742,0.12269938650306748,0.1165644171779141
2025-07-26T23:37:16.240461,0.147239263803681,0.19631901840490798,0.10122699386503067,0.09202453987730061,0.11042944785276074,0.11349693251533742,0.12269938650306748,0.1165644171779141
2025-07-26T23:38:16.242716,0.147239263803681,0.19631901840490798,0.10122699386503067,0.09202453987730061,0.11042944785276074,0.11349693251533742,0.12269938650306748,0.1165644171779141
2025-07-26T23:39:16.346058,0.12177121771217712,0.07749077490774908,0.055350553505535055,0.12546125461254612,0.2177121771217712,0.0996309963099631,0.14760147601476015,0.15498154981549817
2025-07-26T23:40:16.347105,0.12177121771217712,0.07749077490774908,0.055350553505535055,0.12546125461254612,0.2177121771217712,0.0996309963099631,0.14760147601476015,0.15498154981549817
2025-07-26T23:41:16.348164,0.12177121771217712,0.07749077490774908,0.055350553505535055,0.12546125461254612,0.2177121771217712,0.0996309963099631,0.14760147601476015,0.15498154981549817
2025-07-26T23:42:16.450449,0.1815068493150685,0.2054794520547945,0.0547945205479452,0.06164383561643835,0.14383561643835616,0.1952054794520548,0.07534246575342465,0.0821917808219178
2025-07-26T23:43:16.452612,0.1815068493150685,0.2054794520547945,0.0547945205479452,0.06164383561643835,0.14383561643835616,0.1952054794520548,0.07534246575342465,0.0821917808219178
2025-07-26T23:44:16.453216,0.1815068493150685,0.2054794520547945,0.0547945205479452,0.06164383561643835,0.14383561643835616,0.1952054794520548,0.07534246575342465,0.0821917808219178
2025-07-26T23:45:16.454593,0.11363636363636363,0.14935064935064934,0.1396103896103896,0.11363636363636363,0.09740259740259741,0.1461038961038961,0.11688311688311688,0.12337662337662338
2025-07-26T23:46:16.455959,0.11363636363636363,0.14935064935064934,0.1396103896103896,0.11363636363636363,0.09740259740259741,0.1461038961038961,0.11688311688311688,0.12337662337662338
2025-07-26T23:47:16.456975,0.11363636363636363,0.14935064935064934,0.1396103896103896,0.11363636363636363,0.09740259740259741,0.1461038961038961,0.11688311688311688,0.12337662337662338
2025-07-26T23:48:16.458038,0.11363636363636363,0.14935064935064934,0.1396103896103896,0.11363636363636363,0.09740259740259741,0.1461038961038961,0.11688311688311688,0.12337662337662338
2025-07-26T23:49:16.459116,0.050359712230215826,0.2805755395683453,0.11151079136690648,0.08992805755395683,0.10431654676258993,0.14388489208633093,0.12589928057553956,0.09352517985611511
2025-07-26T23:50:16.460354,0.050359712230215826,0.2805755395683453,0.11151079136690648,0.08992805755395683,0.10431654676258993,0.14388489208633093,0.12589928057553956,0.09352517985611511
2025-07-26T23:51:16.461418,0.050359712230215826,0.2805755395683453,0.11151079136690648,0.08992805755395683,0.10431654676258993,0.14388489208633093,0.12589928057553956,0.09352517985611511
2025-07-26T23:52:16.462586,0.050359712230215826,0.2805755395683453,0.11151079136690648,0.08992805755395683,0.10431654676258993,0.14388489208633093,0.12589928057553956,0.09352517985611511
2025-07-26T23:53:16.463683,0.20253164556962025,0.19936708860759494,0.13291139240506328,0.06962025316455696,0.10759493670886076,0.11708860759493671,0.06962025316455696,0.10126582278481013
2025-07-26T23:54:16.465192,0.20253164556962025,0.19936708860759494,0.13291139240506328,0.06962025316455696,0.10759493670886076,0.11708860759493671,0.06962025316455696,0.10126582278481013
2025-07-26T23:55:16.466260,0.20253164556962025,0.19936708860759494,0.13291139240506328,0.06962025316455696,0.10759493670886076,0.11708860759493671,0.06962025316455696,0.10126582278481013
2025-07-26T23:56:16.467379,0.20253164556962025,0.19936708860759494,0.13291139240506328,0.06962025316455696,0.10759493670886076,0.11708860759493671,0.06962025316455696,0.10126582278481013
2025-07-26T23:57:16.469158,0.2842465753424658,0.14726027397260275,0.023972602739726026,0.09246575342465753,0.1404109589041096,0.09931506849315068,0.10616438356164383,0.10616438356164383
2025-07-26T23:58:16.470897,0.2842465753424658,0.14726027397260275,0.023972602739726026,0.09246575342465753,0.1404109589041096,0.09931506849315068,0.10616438356164383,0.10616438356164383
2025-07-26T23:59:16.471958,0.2842465753424658,0.14726027397260275,0.023972602739726026,0.09246575342465753,0.1404109589041096,0.09931506849315068,0.10616438356164383,0.10616438356164383
2025-07-27T00:00:16.473055,0.2842465753424658,0.14726027397260275,0.023972602739726026,0.09246575342465753,0.1404109589041096,0.09931506849315068,0.10616438356164383,0.10616438356164383
2025-07-27T00:01:16.474245,0.2842465753424658,0.14726027397260275,0.023972602739726026,0.09246575342465753,0.1404109589041096,0.09931506849315068,0.10616438356164383,0.10616438356164383
2025-07-27T00:02:16.476330,0.11490683229813664,0.14285714285714285,0.12111801242236025,0.2453416149068323,0.09627329192546584,0.09316770186335403,0.10869565217391304,0.07763975155279502
2025-07-27T00:03:16.477881,0.11490683229813664,0.14285714285714285,0.12111801242236025,0.2453416149068323,0.09627329192546584,0.09316770186335403,0.10869565217391304,0.07763975155279502
2025-07-27T00:04:16.478217,0.11490683229813664,0.14285714285714285,0.12111801242236025,0.2453416149068323,0.09627329192546584,0.09316770186335403,0.10869565217391304,0.07763975155279502
2025-07-27T00:05:16.478948,0.11490683229813664,0.14285714285714285,0.12111801242236025,0.2453416149068323,0.09627329192546584,0.09316770186335403,0.10869565217391304,0.07763975155279502
2025-07-27T00:06:16.480167,0.13448275862068965,0.12758620689655173,0.16551724137931034,0.1103448275862069,0.21379310344827587,0.07586206896551724,0.06896551724137931,0.10344827586206896
2025-07-27T00:07:16.481507,0.13448275862068965,0.12758620689655173,0.16551724137931034,0.1103448275862069,0.21379310344827587,0.07586206896551724,0.06896551724137931,0.10344827586206896
2025-07-27T00:08:16.482222,0.13448275862068965,0.12758620689655173,0.16551724137931034,0.1103448275862069,0.21379310344827587,0.07586206896551724,0.06896551724137931,0.10344827586206896
2025-07-27T00:09:16.483319,0.0661764705882353,0.13970588235294118,0.1948529411764706,0.0661764705882353,0.16911764705882354,0.11397058823529412,0.1323529411764706,0.11764705882352941
2025-07-27T00:10:16.484539,0.0661764705882353,0.13970588235294118,0.1948529411764706,0.0661764705882353,0.16911764705882354,0.11397058823529412,0.1323529411764706,0.11764705882352941
2025-07-27T00:11:16.485623,0.0661764705882353,0.13970588235294118,0.1948529411764706,0.0661764705882353,0.16911764705882354,0.11397058823529412,0.1323529411764706,0.11764705882352941
2025-07-27T00:12:16.486644,0.0661764705882353,0.13970588235294118,0.1948529411764706,0.0661764705882353,0.16911764705882354,0.11397058823529412,0.1323529411764706,0.11764705882352941
2025-07-27T00:13:16.487826,0.13962264150943396,0.2339622641509434,0.13584905660377358,0.06415094339622641,0.12452830188679245,0.12452830188679245,0.12452830188679245,0.052830188679245285
2025-07-27T00:14:16.489852,0.13962264150943396,0.2339622641509434,0.13584905660377358,0.06415094339622641,0.12452830188679245,0.12452830188679245,0.12452830188679245,0.052830188679245285
2025-07-27T00:15:16.490406,0.13962264150943396,0.2339622641509434,0.13584905660377358,0.06415094339622641,0.12452830188679245,0.12452830188679245,0.12452830188679245,0.052830188679245285
2025-07-27T00:16:16.591622,0.17667844522968199,0.20141342756183744,0.08833922261484099,0.1166077738515901,0.12367491166077739,0.07420494699646643,0.14840989399293286,0.0706713780918728
2025-07-27T00:17:16.593440,0.17667844522968199,0.20141342756183744,0.08833922261484099,0.1166077738515901,0.12367491166077739,0.07420494699646643,0.14840989399293286,0.0706713780918728
2025-07-27T00:18:16.595180,0.17667844522968199,0.20141342756183744,0.08833922261484099,0.1166077738515901,0.12367491166077739,0.07420494699646643,0.14840989399293286,0.0706713780918728
2025-07-27T00:19:16.596332,0.1178343949044586,0.20063694267515925,0.10509554140127389,0.1337579617834395,0.14968152866242038,0.09872611464968153,0.08917197452229299,0.10509554140127389
2025-07-27T00:20:16.598354,0.1178343949044586,0.20063694267515925,0.10509554140127389,0.1337579617834395,0.14968152866242038,0.09872611464968153,0.08917197452229299,0.10509554140127389
2025-07-27T00:21:16.599942,0.1178343949044586,0.20063694267515925,0.10509554140127389,0.1337579617834395,0.14968152866242038,0.09872611464968153,0.08917197452229299,0.10509554140127389
2025-07-27T00:22:16.600991,0.1178343949044586,0.20063694267515925,0.10509554140127389,0.1337579617834395,0.14968152866242038,0.09872611464968153,0.08917197452229299,0.10509554140127389
2025-07-27T00:23:16.602087,0.11147540983606558,0.22295081967213115,0.07868852459016394,0.10491803278688525,0.18032786885245902,0.09508196721311475,0.08196721311475409,0.12459016393442623
2025-07-27T00:24:16.603485,0.11147540983606558,0.22295081967213115,0.07868852459016394,0.10491803278688525,0.18032786885245902,0.09508196721311475,0.08196721311475409,0.12459016393442623
2025-07-27T00:25:16.604632,0.11147540983606558,0.22295081967213115,0.07868852459016394,0.10491803278688525,0.18032786885245902,0.09508196721311475,0.08196721311475409,0.12459016393442623
2025-07-27T00:26:16.605729,0.11147540983606558,0.22295081967213115,0.07868852459016394,0.10491803278688525,0.18032786885245902,0.09508196721311475,0.08196721311475409,0.12459016393442623
2025-07-27T00:27:16.708624,0.1848184818481848,0.2607260726072607,0.052805280528052806,0.0891089108910891,0.11221122112211221,0.09900990099009901,0.10891089108910891,0.0924092409240924
2025-07-27T00:28:16.709118,0.1848184818481848,0.2607260726072607,0.052805280528052806,0.0891089108910891,0.11221122112211221,0.09900990099009901,0.10891089108910891,0.0924092409240924
2025-07-27T00:29:16.711939,0.1848184818481848,0.2607260726072607,0.052805280528052806,0.0891089108910891,0.11221122112211221,0.09900990099009901,0.10891089108910891,0.0924092409240924
2025-07-27T00:30:16.815069,0.1493200278870187,0.2939274471923221,0.19906433043710903,0.0029160629355878356,0.15046059997526817,0.005443172724314409,1.1390592751496635e-05,0.19885696825562826
2025-07-27T00:31:16.816233,0.1493200278870187,0.2939274471923221,0.19906433043710903,0.0029160629355878356,0.15046059997526817,0.005443172724314409,1.1390592751496635e-05,0.19885696825562826
2025-07-27T00:32:16.817447,0.1493200278870187,0.2939274471923221,0.19906433043710903,0.0029160629355878356,0.15046059997526817,0.005443172724314409,1.1390592751496635e-05,0.19885696825562826
2025-07-27T00:33:16.819816,0.08064516129032258,0.13306451612903225,0.06451612903225806,0.15725806451612903,0.17338709677419356,0.14112903225806453,0.14516129032258066,0.10483870967741936
2025-07-27T00:34:16.821093,0.08064516129032258,0.13306451612903225,0.06451612903225806,0.15725806451612903,0.17338709677419356,0.14112903225806453,0.14516129032258066,0.10483870967741936
2025-07-27T00:35:16.822268,0.08064516129032258,0.13306451612903225,0.06451612903225806,0.15725806451612903,0.17338709677419356,0.14112903225806453,0.14516129032258066,0.10483870967741936
2025-07-27T00:36:16.823474,0.08064516129032258,0.13306451612903225,0.06451612903225806,0.15725806451612903,0.17338709677419356,0.14112903225806453,0.14516129032258066,0.10483870967741936
2025-07-27T00:37:16.925409,0.11692307692307692,0.16307692307692306,0.15076923076923077,0.1723076923076923,0.12615384615384614,0.13538461538461538,0.06769230769230769,0.06769230769230769
2025-07-27T00:38:16.927132,0.11692307692307692,0.16307692307692306,0.15076923076923077,0.1723076923076923,0.12615384615384614,0.13538461538461538,0.06769230769230769,0.06769230769230769
2025-07-27T00:39:16.928735,0.11692307692307692,0.16307692307692306,0.15076923076923077,0.1723076923076923,0.12615384615384614,0.13538461538461538,0.06769230769230769,0.06769230769230769
2025-07-27T00:40:16.930937,0.11692307692307692,0.16307692307692306,0.15076923076923077,0.1723076923076923,0.12615384615384614,0.13538461538461538,0.06769230769230769,0.06769230769230769
2025-07-27T00:41:16.932129,0.11692307692307692,0.16307692307692306,0.15076923076923077,0.1723076923076923,0.12615384615384614,0.13538461538461538,0.06769230769230769,0.06769230769230769
2025-07-27T00:42:17.034619,0.06115107913669065,0.07913669064748201,0.2014388489208633,0.15827338129496402,0.21223021582733814,0.06115107913669065,0.12949640287769784,0.09712230215827339
2025-07-27T00:43:17.036014,0.06115107913669065,0.07913669064748201,0.2014388489208633,0.15827338129496402,0.21223021582733814,0.06115107913669065,0.12949640287769784,0.09712230215827339
2025-07-27T00:44:17.037237,0.06115107913669065,0.07913669064748201,0.2014388489208633,0.15827338129496402,0.21223021582733814,0.06115107913669065,0.12949640287769784,0.09712230215827339
2025-07-27T00:45:17.139428,0.06018518518518518,0.22685185185185186,0.06481481481481481,0.0787037037037037,0.2222222222222222,0.125,0.12962962962962962,0.09259259259259259
2025-07-27T00:46:17.140158,0.06018518518518518,0.22685185185185186,0.06481481481481481,0.0787037037037037,0.2222222222222222,0.125,0.12962962962962962,0.09259259259259259
2025-07-27T00:47:17.141257,0.06018518518518518,0.22685185185185186,0.06481481481481481,0.0787037037037037,0.2222222222222222,0.125,0.12962962962962962,0.09259259259259259
2025-07-27T00:48:17.142431,0.06018518518518518,0.22685185185185186,0.06481481481481481,0.0787037037037037,0.2222222222222222,0.125,0.12962962962962962,0.09259259259259259
2025-07-27T00:49:17.345687,0.07539682539682539,0.13095238095238096,0.14682539682539683,0.15476190476190477,0.11904761904761904,0.15873015873015872,0.0992063492063492,0.11507936507936507
2025-07-27T00:50:17.346398,0.07539682539682539,0.13095238095238096,0.14682539682539683,0.15476190476190477,0.11904761904761904,0.15873015873015872,0.0992063492063492,0.11507936507936507
2025-07-27T00:51:17.347573,0.07539682539682539,0.13095238095238096,0.14682539682539683,0.15476190476190477,0.11904761904761904,0.15873015873015872,0.0992063492063492,0.11507936507936507
2025-07-27T00:52:17.451211,0.07539682539682539,0.13095238095238096,0.14682539682539683,0.15476190476190477,0.11904761904761904,0.15873015873015872,0.0992063492063492,0.11507936507936507
2025-07-27T00:53:17.452012,0.07539682539682539,0.13095238095238096,0.14682539682539683,0.15476190476190477,0.11904761904761904,0.15873015873015872,0.0992063492063492,0.11507936507936507
2025-07-27T00:54:17.453126,0.07539682539682539,0.13095238095238096,0.14682539682539683,0.15476190476190477,0.11904761904761904,0.15873015873015872,0.0992063492063492,0.11507936507936507
2025-07-27T00:57:05.226321,0.07539682539682539,0.13095238095238096,0.14682539682539683,0.15476190476190477,0.11904761904761904,0.15873015873015872,0.0992063492063492,0.11507936507936507
2025-07-27T00:58:10.231916,0.07539682539682539,0.13095238095238096,0.14682539682539683,0.15476190476190477,0.11904761904761904,0.15873015873015872,0.0992063492063492,0.11507936507936507
2025-07-27T00:59:15.248452,0.07539682539682539,0.13095238095238096,0.14682539682539683,0.15476190476190477,0.11904761904761904,0.15873015873015872,0.0992063492063492,0.11507936507936507
2025-07-27T01:00:15.249476,0.07539682539682539,0.13095238095238096,0.14682539682539683,0.15476190476190477,0.11904761904761904,0.15873015873015872,0.0992063492063492,0.11507936507936507
2025-07-27T01:01:15.452303,0.3020408163265306,0.12653061224489795,0.02857142857142857,0.13877551020408163,0.1306122448979592,0.11428571428571428,0.08163265306122448,0.07755102040816327
2025-07-27T01:02:15.453696,0.3020408163265306,0.12653061224489795,0.02857142857142857,0.13877551020408163,0.1306122448979592,0.11428571428571428,0.08163265306122448,0.07755102040816327
2025-07-27T01:03:15.455144,0.3020408163265306,0.12653061224489795,0.02857142857142857,0.13877551020408163,0.1306122448979592,0.11428571428571428,0.08163265306122448,0.07755102040816327
2025-07-27T01:04:15.657977,0.2491349480968858,0.20761245674740483,0.07612456747404844,0.07958477508650519,0.0726643598615917,0.10726643598615918,0.08650519031141868,0.12110726643598616
2025-07-27T01:05:15.760161,0.2491349480968858,0.20761245674740483,0.07612456747404844,0.07958477508650519,0.0726643598615917,0.10726643598615918,0.08650519031141868,0.12110726643598616
2025-07-27T01:06:17.880702,0.16289879564607299,0.1357489963717275,0.049774632002966744,0.052037115275828875,0.04751214873010462,0.07013698145872588,0.056562081821553124,0.4253292486930203
2025-07-27T01:07:18.691749,0.2783505264105463,0.2319587720087886,0.08505154973655582,0.08891752927003563,0.08118557020307601,0.1198453655378741,0.09664948833699524,0.0180411984961283
2025-07-27T01:08:19.298647,0.2491349480968858,0.20761245674740483,0.07612456747404844,0.07958477508650519,0.0726643598615917,0.10726643598615918,0.08650519031141868,0.12110726643598616
2025-07-27T01:09:20.210297,0.2491349480968858,0.20761245674740483,0.07612456747404844,0.07958477508650519,0.0726643598615917,0.10726643598615918,0.08650519031141868,0.12110726643598616
2025-07-27T01:10:20.217088,0.2491349480968858,0.20761245674740483,0.07612456747404844,0.07958477508650519,0.0726643598615917,0.10726643598615918,0.08650519031141868,0.12110726643598616
2025-07-27T01:11:20.738478,0.2491349480968858,0.20761245674740483,0.07612456747404844,0.07958477508650519,0.0726643598615917,0.10726643598615918,0.08650519031141868,0.12110726643598616
2025-07-27T01:12:20.754915,0.2491349480968858,0.20761245674740483,0.07612456747404844,0.07958477508650519,0.0726643598615917,0.10726643598615918,0.08650519031141868,0.12110726643598616
2025-07-27T01:13:20.771725,0.2491349480968858,0.20761245674740483,0.07612456747404844,0.07958477508650519,0.0726643598615917,0.10726643598615918,0.08650519031141868,0.12110726643598616
2025-07-27T01:14:20.788879,0.2491349480968858,0.20761245674740483,0.07612456747404844,0.07958477508650519,0.0726643598615917,0.10726643598615918,0.08650519031141868,0.12110726643598616
2025-07-27T01:15:20.805899,0.2491349480968858,0.20761245674740483,0.07612456747404844,0.07958477508650519,0.0726643598615917,0.10726643598615918,0.08650519031141868,0.12110726643598616
2025-07-27T01:16:21.225791,0.2491349480968858,0.20761245674740483,0.07612456747404844,0.07958477508650519,0.0726643598615917,0.10726643598615918,0.08650519031141868,0.12110726643598616
2025-07-27T01:17:21.242743,0.2491349480968858,0.20761245674740483,0.07612456747404844,0.07958477508650519,0.0726643598615917,0.10726643598615918,0.08650519031141868,0.12110726643598616
2025-07-27T01:18:22.066582,0.2491349480968858,0.20761245674740483,0.07612456747404844,0.07958477508650519,0.0726643598615917,0.10726643598615918,0.08650519031141868,0.12110726643598616
2025-07-27T01:19:22.286858,0.2491349480968858,0.20761245674740483,0.07612456747404844,0.07958477508650519,0.0726643598615917,0.10726643598615918,0.08650519031141868,0.12110726643598616
2025-07-27T01:20:22.404556,0.2491349480968858,0.20761245674740483,0.07612456747404844,0.07958477508650519,0.0726643598615917,0.10726643598615918,0.08650519031141868,0.12110726643598616
2025-07-27T01:21:23.937699,0.1038961038961039,0.11363636363636363,0.09740259740259741,0.14285714285714285,0.14935064935064934,0.1396103896103896,0.14285714285714285,0.11038961038961038
2025-07-27T01:22:25.369726,0.1038961038961039,0.11363636363636363,0.09740259740259741,0.14285714285714285,0.14935064935064934,0.1396103896103896,0.14285714285714285,0.11038961038961038
2025-07-27T01:23:26.196186,0.1038961038961039,0.11363636363636363,0.09740259740259741,0.14285714285714285,0.14935064935064934,0.1396103896103896,0.14285714285714285,0.11038961038961038
2025-07-27T01:24:26.516084,0.1038961038961039,0.11363636363636363,0.09740259740259741,0.14285714285714285,0.14935064935064934,0.1396103896103896,0.14285714285714285,0.11038961038961038
2025-07-27T01:25:26.532129,0.1038961038961039,0.11363636363636363,0.09740259740259741,0.14285714285714285,0.14935064935064934,0.1396103896103896,0.14285714285714285,0.11038961038961038
2025-07-27T01:26:26.750437,0.1038961038961039,0.11363636363636363,0.09740259740259741,0.14285714285714285,0.14935064935064934,0.1396103896103896,0.14285714285714285,0.11038961038961038
2025-07-27T01:27:26.765126,0.1038961038961039,0.11363636363636363,0.09740259740259741,0.14285714285714285,0.14935064935064934,0.1396103896103896,0.14285714285714285,0.11038961038961038
2025-07-27T01:28:26.777157,0.1038961038961039,0.11363636363636363,0.09740259740259741,0.14285714285714285,0.14935064935064934,0.1396103896103896,0.14285714285714285,0.11038961038961038
2025-07-27T01:29:26.890077,0.1038961038961039,0.11363636363636363,0.09740259740259741,0.14285714285714285,0.14935064935064934,0.1396103896103896,0.14285714285714285,0.11038961038961038
2025-07-27T01:30:26.902552,0.1038961038961039,0.11363636363636363,0.09740259740259741,0.14285714285714285,0.14935064935064934,0.1396103896103896,0.14285714285714285,0.11038961038961038
2025-07-27T01:31:27.118352,0.1038961038961039,0.11363636363636363,0.09740259740259741,0.14285714285714285,0.14935064935064934,0.1396103896103896,0.14285714285714285,0.11038961038961038
2025-07-27T01:32:27.130363,0.1038961038961039,0.11363636363636363,0.09740259740259741,0.14285714285714285,0.14935064935064934,0.1396103896103896,0.14285714285714285,0.11038961038961038
2025-07-27T01:33:27.243281,0.1038961038961039,0.11363636363636363,0.09740259740259741,0.14285714285714285,0.14935064935064934,0.1396103896103896,0.14285714285714285,0.11038961038961038
2025-07-27T01:34:27.255276,0.1038961038961039,0.11363636363636363,0.09740259740259741,0.14285714285714285,0.14935064935064934,0.1396103896103896,0.14285714285714285,0.11038961038961038
2025-07-27T01:35:27.470846,0.1038961038961039,0.11363636363636363,0.09740259740259741,0.14285714285714285,0.14935064935064934,0.1396103896103896,0.14285714285714285,0.11038961038961038
2025-07-27T01:36:27.483063,0.1038961038961039,0.11363636363636363,0.09740259740259741,0.14285714285714285,0.14935064935064934,0.1396103896103896,0.14285714285714285,0.11038961038961038
2025-07-27T01:37:27.495435,0.1038961038961039,0.11363636363636363,0.09740259740259741,0.14285714285714285,0.14935064935064934,0.1396103896103896,0.14285714285714285,0.11038961038961038
2025-07-27T01:38:27.709900,0.1038961038961039,0.11363636363636363,0.09740259740259741,0.14285714285714285,0.14935064935064934,0.1396103896103896,0.14285714285714285,0.11038961038961038
2025-07-27T01:39:27.722997,0.1038961038961039,0.11363636363636363,0.09740259740259741,0.14285714285714285,0.14935064935064934,0.1396103896103896,0.14285714285714285,0.11038961038961038
2025-07-27T01:40:27.937588,0.1038961038961039,0.11363636363636363,0.09740259740259741,0.14285714285714285,0.14935064935064934,0.1396103896103896,0.14285714285714285,0.11038961038961038
2025-07-27T01:41:27.949209,0.1038961038961039,0.11363636363636363,0.09740259740259741,0.14285714285714285,0.14935064935064934,0.1396103896103896,0.14285714285714285,0.11038961038961038
2025-07-27T01:42:27.960908,0.1038961038961039,0.11363636363636363,0.09740259740259741,0.14285714285714285,0.14935064935064934,0.1396103896103896,0.14285714285714285,0.11038961038961038
2025-07-27T01:43:27.972581,0.1038961038961039,0.11363636363636363,0.09740259740259741,0.14285714285714285,0.14935064935064934,0.1396103896103896,0.14285714285714285,0.11038961038961038
2025-07-27T01:44:28.185567,0.1038961038961039,0.11363636363636363,0.09740259740259741,0.14285714285714285,0.14935064935064934,0.1396103896103896,0.14285714285714285,0.11038961038961038
2025-07-27T01:45:28.194219,0.1038961038961039,0.11363636363636363,0.09740259740259741,0.14285714285714285,0.14935064935064934,0.1396103896103896,0.14285714285714285,0.11038961038961038
2025-07-27T01:46:28.404405,0.1038961038961039,0.11363636363636363,0.09740259740259741,0.14285714285714285,0.14935064935064934,0.1396103896103896,0.14285714285714285,0.11038961038961038
2025-07-27T01:47:28.413437,0.1038961038961039,0.11363636363636363,0.09740259740259741,0.14285714285714285,0.14935064935064934,0.1396103896103896,0.14285714285714285,0.11038961038961038
2025-07-27T01:48:28.724252,0.11071649010466822,0.18766560687766481,0.14760092950204592,0.0021621764857751424,0.18048324942699234,0.004035955441459894,0.21968021367018545,0.14765537849120822
2025-07-27T01:49:28.933607,0.1038961038961039,0.11363636363636363,0.09740259740259741,0.14285714285714285,0.14935064935064934,0.1396103896103896,0.14285714285714285,0.11038961038961038
2025-07-27T01:50:28.941947,0.1038961038961039,0.11363636363636363,0.09740259740259741,0.14285714285714285,0.14935064935064934,0.1396103896103896,0.14285714285714285,0.11038961038961038
2025-07-27T01:51:28.951124,0.1038961038961039,0.11363636363636363,0.09740259740259741,0.14285714285714285,0.14935064935064934,0.1396103896103896,0.14285714285714285,0.11038961038961038
2025-07-27T01:52:29.060186,0.08896797153024912,0.12099644128113879,0.22419928825622776,0.0498220640569395,0.15302491103202848,0.12811387900355872,0.12099644128113879,0.11387900355871886
2025-07-27T01:53:29.168907,0.08896797153024912,0.12099644128113879,0.22419928825622776,0.0498220640569395,0.15302491103202848,0.12811387900355872,0.12099644128113879,0.11387900355871886
2025-07-27T01:54:29.178308,0.08896797153024912,0.12099644128113879,0.22419928825622776,0.0498220640569395,0.15302491103202848,0.12811387900355872,0.12099644128113879,0.11387900355871886
2025-07-27T01:55:29.187067,0.03125,0.21875,0.09375,0.06640625,0.16015625,0.15234375,0.1640625,0.11328125
2025-07-27T01:56:29.497305,0.03125,0.21875,0.09375,0.06640625,0.16015625,0.15234375,0.1640625,0.11328125
2025-07-27T01:57:29.606426,0.028268551236749116,0.21908127208480566,0.0989399293286219,0.12367491166077739,0.14840989399293286,0.1519434628975265,0.1519434628975265,0.07773851590106007
2025-07-27T01:58:29.818824,0.028268551236749116,0.21908127208480566,0.0989399293286219,0.12367491166077739,0.14840989399293286,0.1519434628975265,0.1519434628975265,0.07773851590106007
2025-07-27T01:59:30.029244,0.028268551236749116,0.21908127208480566,0.0989399293286219,0.12367491166077739,0.14840989399293286,0.1519434628975265,0.1519434628975265,0.07773851590106007
2025-07-27T02:00:30.138663,0.028268551236749116,0.21908127208480566,0.0989399293286219,0.12367491166077739,0.14840989399293286,0.1519434628975265,0.1519434628975265,0.07773851590106007
2025-07-27T02:01:30.146786,0.028268551236749116,0.21908127208480566,0.0989399293286219,0.12367491166077739,0.14840989399293286,0.1519434628975265,0.1519434628975265,0.07773851590106007
2025-07-27T02:02:30.858987,0.014331202965694803,0.11106682298413473,0.05015921037993181,0.06269901297491476,0.007179596798243588,0.3048689756932533,0.22933188496397436,0.22036329323985265
2025-07-27T02:03:30.865300,0.014331202965694803,0.11106682298413473,0.05015921037993181,0.06269901297491476,0.007179596798243588,0.3048689756932533,0.22933188496397436,0.22036329323985265
2025-07-27T02:04:30.871312,0.014331202965694803,0.11106682298413473,0.05015921037993181,0.06269901297491476,0.007179596798243588,0.3048689756932533,0.22933188496397436,0.22036329323985265
2025-07-27T02:05:30.878345,0.014331202965694803,0.11106682298413473,0.05015921037993181,0.06269901297491476,0.007179596798243588,0.3048689756932533,0.22933188496397436,0.22036329323985265
2025-07-27T02:06:30.886504,0.014331202965694803,0.11106682298413473,0.05015921037993181,0.06269901297491476,0.007179596798243588,0.3048689756932533,0.22933188496397436,0.22036329323985265
2025-07-27T02:07:30.893039,0.014331202965694803,0.11106682298413473,0.05015921037993181,0.06269901297491476,0.007179596798243588,0.3048689756932533,0.22933188496397436,0.22036329323985265
2025-07-27T02:08:30.899622,0.014331202965694803,0.11106682298413473,0.05015921037993181,0.06269901297491476,0.007179596798243588,0.3048689756932533,0.22933188496397436,0.22036329323985265
2025-07-27T02:09:30.905720,0.014331202965694803,0.11106682298413473,0.05015921037993181,0.06269901297491476,0.007179596798243588,0.3048689756932533,0.22933188496397436,0.22036329323985265
2025-07-27T02:10:30.912478,0.014331202965694803,0.11106682298413473,0.05015921037993181,0.06269901297491476,0.007179596798243588,0.3048689756932533,0.22933188496397436,0.22036329323985265
2025-07-27T02:11:31.222323,0.028268551236749116,0.21908127208480566,0.0989399293286219,0.12367491166077739,0.14840989399293286,0.1519434628975265,0.1519434628975265,0.07773851590106007
2025-07-27T02:12:31.228867,0.028268551236749116,0.21908127208480566,0.0989399293286219,0.12367491166077739,0.14840989399293286,0.1519434628975265,0.1519434628975265,0.07773851590106007
2025-07-27T02:13:31.436270,0.028268551236749116,0.21908127208480566,0.0989399293286219,0.12367491166077739,0.14840989399293286,0.1519434628975265,0.1519434628975265,0.07773851590106007
2025-07-27T02:14:32.453659,0.028268551236749116,0.21908127208480566,0.0989399293286219,0.12367491166077739,0.14840989399293286,0.1519434628975265,0.1519434628975265,0.07773851590106007
2025-07-27T02:15:32.765168,0.028268551236749116,0.21908127208480566,0.0989399293286219,0.12367491166077739,0.14840989399293286,0.1519434628975265,0.1519434628975265,0.07773851590106007
2025-07-27T02:16:33.075712,0.028268551236749116,0.21908127208480566,0.0989399293286219,0.12367491166077739,0.14840989399293286,0.1519434628975265,0.1519434628975265,0.07773851590106007
2025-07-27T02:17:35.001671,0.10309278350515463,0.18556701030927836,0.010309278350515464,0.18213058419243985,0.17869415807560138,0.08934707903780069,0.15120274914089346,0.09965635738831616
2025-07-27T02:18:35.209777,0.10309278350515463,0.18556701030927836,0.010309278350515464,0.18213058419243985,0.17869415807560138,0.08934707903780069,0.15120274914089346,0.09965635738831616
2025-07-27T02:19:35.215135,0.10309278350515463,0.18556701030927836,0.010309278350515464,0.18213058419243985,0.17869415807560138,0.08934707903780069,0.15120274914089346,0.09965635738831616
2025-07-27T02:20:35.422552,0.10309278350515463,0.18556701030927836,0.010309278350515464,0.18213058419243985,0.17869415807560138,0.08934707903780069,0.15120274914089346,0.09965635738831616
2025-07-27T02:21:35.427963,0.10309278350515463,0.18556701030927836,0.010309278350515464,0.18213058419243985,0.17869415807560138,0.08934707903780069,0.15120274914089346,0.09965635738831616
2025-07-27T02:22:35.636164,0.10309278350515463,0.18556701030927836,0.010309278350515464,0.18213058419243985,0.17869415807560138,0.08934707903780069,0.15120274914089346,0.09965635738831616
2025-07-27T02:23:35.641313,0.10309278350515463,0.18556701030927836,0.010309278350515464,0.18213058419243985,0.17869415807560138,0.08934707903780069,0.15120274914089346,0.09965635738831616
2025-07-27T02:24:35.848144,0.10309278350515463,0.18556701030927836,0.010309278350515464,0.18213058419243985,0.17869415807560138,0.08934707903780069,0.15120274914089346,0.09965635738831616
2025-07-27T02:25:35.853189,0.10309278350515463,0.18556701030927836,0.010309278350515464,0.18213058419243985,0.17869415807560138,0.08934707903780069,0.15120274914089346,0.09965635738831616
2025-07-27T02:26:36.060126,0.10309278350515463,0.18556701030927836,0.010309278350515464,0.18213058419243985,0.17869415807560138,0.08934707903780069,0.15120274914089346,0.09965635738831616
2025-07-27T02:27:36.065189,0.10309278350515463,0.18556701030927836,0.010309278350515464,0.18213058419243985,0.17869415807560138,0.08934707903780069,0.15120274914089346,0.09965635738831616
2025-07-27T02:28:36.272876,0.10309278350515463,0.18556701030927836,0.010309278350515464,0.18213058419243985,0.17869415807560138,0.08934707903780069,0.15120274914089346,0.09965635738831616
2025-07-27T02:29:36.277966,0.10309278350515463,0.18556701030927836,0.010309278350515464,0.18213058419243985,0.17869415807560138,0.08934707903780069,0.15120274914089346,0.09965635738831616
2025-07-27T02:30:36.485201,0.0963855421686747,0.08032128514056225,0.2248995983935743,0.04819277108433735,0.18072289156626506,0.15261044176706828,0.11244979919678715,0.10441767068273092
2025-07-27T02:31:36.490475,0.0963855421686747,0.08032128514056225,0.2248995983935743,0.04819277108433735,0.18072289156626506,0.15261044176706828,0.11244979919678715,0.10441767068273092
2025-07-27T02:32:36.697973,0.0963855421686747,0.08032128514056225,0.2248995983935743,0.04819277108433735,0.18072289156626506,0.15261044176706828,0.11244979919678715,0.10441767068273092
2025-07-27T02:33:36.703209,0.0963855421686747,0.08032128514056225,0.2248995983935743,0.04819277108433735,0.18072289156626506,0.15261044176706828,0.11244979919678715,0.10441767068273092
2025-07-27T02:34:36.709177,0.0963855421686747,0.08032128514056225,0.2248995983935743,0.04819277108433735,0.18072289156626506,0.15261044176706828,0.11244979919678715,0.10441767068273092
2025-07-27T02:35:36.915635,0.0963855421686747,0.08032128514056225,0.2248995983935743,0.04819277108433735,0.18072289156626506,0.15261044176706828,0.11244979919678715,0.10441767068273092
2025-07-27T02:36:36.919736,0.0963855421686747,0.08032128514056225,0.2248995983935743,0.04819277108433735,0.18072289156626506,0.15261044176706828,0.11244979919678715,0.10441767068273092
2025-07-27T02:37:37.125321,0.0963855421686747,0.08032128514056225,0.2248995983935743,0.04819277108433735,0.18072289156626506,0.15261044176706828,0.11244979919678715,0.10441767068273092
2025-07-27T02:38:37.129494,0.0963855421686747,0.08032128514056225,0.2248995983935743,0.04819277108433735,0.18072289156626506,0.15261044176706828,0.11244979919678715,0.10441767068273092
2025-07-27T02:39:37.335408,0.0963855421686747,0.08032128514056225,0.2248995983935743,0.04819277108433735,0.18072289156626506,0.15261044176706828,0.11244979919678715,0.10441767068273092
2025-07-27T02:40:37.543664,0.0963855421686747,0.08032128514056225,0.2248995983935743,0.04819277108433735,0.18072289156626506,0.15261044176706828,0.11244979919678715,0.10441767068273092
2025-07-27T02:41:37.546953,0.0963855421686747,0.08032128514056225,0.2248995983935743,0.04819277108433735,0.18072289156626506,0.15261044176706828,0.11244979919678715,0.10441767068273092
2025-07-27T02:42:37.550887,0.0963855421686747,0.08032128514056225,0.2248995983935743,0.04819277108433735,0.18072289156626506,0.15261044176706828,0.11244979919678715,0.10441767068273092
2025-07-27T02:43:37.756497,0.0963855421686747,0.08032128514056225,0.2248995983935743,0.04819277108433735,0.18072289156626506,0.15261044176706828,0.11244979919678715,0.10441767068273092
2025-07-27T02:44:37.760444,0.0963855421686747,0.08032128514056225,0.2248995983935743,0.04819277108433735,0.18072289156626506,0.15261044176706828,0.11244979919678715,0.10441767068273092
2025-07-27T02:45:37.965950,0.0963855421686747,0.08032128514056225,0.2248995983935743,0.04819277108433735,0.18072289156626506,0.15261044176706828,0.11244979919678715,0.10441767068273092
2025-07-27T02:46:37.970267,0.0963855421686747,0.08032128514056225,0.2248995983935743,0.04819277108433735,0.18072289156626506,0.15261044176706828,0.11244979919678715,0.10441767068273092
2025-07-27T02:47:38.176610,0.0963855421686747,0.08032128514056225,0.2248995983935743,0.04819277108433735,0.18072289156626506,0.15261044176706828,0.11244979919678715,0.10441767068273092
2025-07-27T02:48:38.180728,0.0963855421686747,0.08032128514056225,0.2248995983935743,0.04819277108433735,0.18072289156626506,0.15261044176706828,0.11244979919678715,0.10441767068273092
2025-07-27T02:49:38.184347,0.0963855421686747,0.08032128514056225,0.2248995983935743,0.04819277108433735,0.18072289156626506,0.15261044176706828,0.11244979919678715,0.10441767068273092
2025-07-27T02:50:38.289518,0.0963855421686747,0.08032128514056225,0.2248995983935743,0.04819277108433735,0.18072289156626506,0.15261044176706828,0.11244979919678715,0.10441767068273092
2025-07-27T02:51:38.293360,0.0963855421686747,0.08032128514056225,0.2248995983935743,0.04819277108433735,0.18072289156626506,0.15261044176706828,0.11244979919678715,0.10441767068273092
2025-07-27T02:52:38.297950,0.0963855421686747,0.08032128514056225,0.2248995983935743,0.04819277108433735,0.18072289156626506,0.15261044176706828,0.11244979919678715,0.10441767068273092
2025-07-27T02:53:38.300881,0.05806451612903226,0.16451612903225807,0.18064516129032257,0.09032258064516129,0.17096774193548386,0.12903225806451613,0.13225806451612904,0.07419354838709677
2025-07-27T02:54:38.404980,0.05806451612903226,0.16451612903225807,0.18064516129032257,0.09032258064516129,0.17096774193548386,0.12903225806451613,0.13225806451612904,0.07419354838709677
2025-07-27T02:55:38.408209,0.05806451612903226,0.16451612903225807,0.18064516129032257,0.09032258064516129,0.17096774193548386,0.12903225806451613,0.13225806451612904,0.07419354838709677
2025-07-27T02:56:38.411299,0.05806451612903226,0.16451612903225807,0.18064516129032257,0.09032258064516129,0.17096774193548386,0.12903225806451613,0.13225806451612904,0.07419354838709677
2025-07-27T02:57:38.516219,0.05806451612903226,0.16451612903225807,0.18064516129032257,0.09032258064516129,0.17096774193548386,0.12903225806451613,0.13225806451612904,0.07419354838709677
2025-07-27T02:58:38.721882,0.1605351170568562,0.10033444816053512,0.14381270903010032,0.09698996655518395,0.14046822742474915,0.11371237458193979,0.13712374581939799,0.10702341137123746
2025-07-27T02:59:38.725036,0.1605351170568562,0.10033444816053512,0.14381270903010032,0.09698996655518395,0.14046822742474915,0.11371237458193979,0.13712374581939799,0.10702341137123746
2025-07-27T03:00:38.727973,0.1605351170568562,0.10033444816053512,0.14381270903010032,0.09698996655518395,0.14046822742474915,0.11371237458193979,0.13712374581939799,0.10702341137123746
2025-07-27T03:01:38.832439,0.1605351170568562,0.10033444816053512,0.14381270903010032,0.09698996655518395,0.14046822742474915,0.11371237458193979,0.13712374581939799,0.10702341137123746
2025-07-27T03:02:38.835519,0.1605351170568562,0.10033444816053512,0.14381270903010032,0.09698996655518395,0.14046822742474915,0.11371237458193979,0.13712374581939799,0.10702341137123746
2025-07-27T03:03:39.041223,0.1605351170568562,0.10033444816053512,0.14381270903010032,0.09698996655518395,0.14046822742474915,0.11371237458193979,0.13712374581939799,0.10702341137123746
2025-07-27T03:04:39.044829,0.1605351170568562,0.10033444816053512,0.14381270903010032,0.09698996655518395,0.14046822742474915,0.11371237458193979,0.13712374581939799,0.10702341137123746
2025-07-27T03:05:39.048547,0.1605351170568562,0.10033444816053512,0.14381270903010032,0.09698996655518395,0.14046822742474915,0.11371237458193979,0.13712374581939799,0.10702341137123746
2025-07-27T03:06:39.051828,0.2126865671641791,0.22761194029850745,0.10074626865671642,0.04477611940298507,0.08955223880597014,0.08208955223880597,0.11940298507462686,0.12313432835820895
2025-07-27T03:07:39.157952,0.2126865671641791,0.22761194029850745,0.10074626865671642,0.04477611940298507,0.08955223880597014,0.08208955223880597,0.11940298507462686,0.12313432835820895
2025-07-27T03:08:39.161011,0.2126865671641791,0.22761194029850745,0.10074626865671642,0.04477611940298507,0.08955223880597014,0.08208955223880597,0.11940298507462686,0.12313432835820895
2025-07-27T03:09:39.365896,0.2126865671641791,0.22761194029850745,0.10074626865671642,0.04477611940298507,0.08955223880597014,0.08208955223880597,0.11940298507462686,0.12313432835820895
2025-07-27T03:10:39.571527,0.09473684210526316,0.16842105263157894,0.14736842105263157,0.17192982456140352,0.07719298245614035,0.12631578947368421,0.10526315789473684,0.10877192982456141
2025-07-27T03:11:39.573525,0.09473684210526316,0.16842105263157894,0.14736842105263157,0.17192982456140352,0.07719298245614035,0.12631578947368421,0.10526315789473684,0.10877192982456141
2025-07-27T03:12:39.576054,0.09473684210526316,0.16842105263157894,0.14736842105263157,0.17192982456140352,0.07719298245614035,0.12631578947368421,0.10526315789473684,0.10877192982456141
2025-07-27T03:13:39.680690,0.09473684210526316,0.16842105263157894,0.14736842105263157,0.17192982456140352,0.07719298245614035,0.12631578947368421,0.10526315789473684,0.10877192982456141
2025-07-27T03:14:39.683249,0.09473684210526316,0.16842105263157894,0.14736842105263157,0.17192982456140352,0.07719298245614035,0.12631578947368421,0.10526315789473684,0.10877192982456141
2025-07-27T03:15:41.201229,0.09473684210526316,0.16842105263157894,0.14736842105263157,0.17192982456140352,0.07719298245614035,0.12631578947368421,0.10526315789473684,0.10877192982456141
2025-07-27T03:16:42.517349,0.09473684210526316,0.16842105263157894,0.14736842105263157,0.17192982456140352,0.07719298245614035,0.12631578947368421,0.10526315789473684,0.10877192982456141
2025-07-27T03:17:42.519932,0.09473684210526316,0.16842105263157894,0.14736842105263157,0.17192982456140352,0.07719298245614035,0.12631578947368421,0.10526315789473684,0.10877192982456141
2025-07-27T03:18:42.724314,0.09473684210526316,0.16842105263157894,0.14736842105263157,0.17192982456140352,0.07719298245614035,0.12631578947368421,0.10526315789473684,0.10877192982456141
2025-07-27T03:19:44.039685,0.09473684210526316,0.16842105263157894,0.14736842105263157,0.17192982456140352,0.07719298245614035,0.12631578947368421,0.10526315789473684,0.10877192982456141
2025-07-27T03:20:44.042382,0.09473684210526316,0.16842105263157894,0.14736842105263157,0.17192982456140352,0.07719298245614035,0.12631578947368421,0.10526315789473684,0.10877192982456141
2025-07-27T03:21:44.246545,0.09473684210526316,0.16842105263157894,0.14736842105263157,0.17192982456140352,0.07719298245614035,0.12631578947368421,0.10526315789473684,0.10877192982456141
2025-07-27T03:22:44.249519,0.09473684210526316,0.16842105263157894,0.14736842105263157,0.17192982456140352,0.07719298245614035,0.12631578947368421,0.10526315789473684,0.10877192982456141
2025-07-27T03:23:44.453279,0.09473684210526316,0.16842105263157894,0.14736842105263157,0.17192982456140352,0.07719298245614035,0.12631578947368421,0.10526315789473684,0.10877192982456141
2025-07-27T03:24:44.455664,0.09473684210526316,0.16842105263157894,0.14736842105263157,0.17192982456140352,0.07719298245614035,0.12631578947368421,0.10526315789473684,0.10877192982456141
2025-07-27T03:25:44.559322,0.09473684210526316,0.16842105263157894,0.14736842105263157,0.17192982456140352,0.07719298245614035,0.12631578947368421,0.10526315789473684,0.10877192982456141
2025-07-27T03:26:44.561760,0.09473684210526316,0.16842105263157894,0.14736842105263157,0.17192982456140352,0.07719298245614035,0.12631578947368421,0.10526315789473684,0.10877192982456141
2025-07-27T03:27:44.563936,0.09473684210526316,0.16842105263157894,0.14736842105263157,0.17192982456140352,0.07719298245614035,0.12631578947368421,0.10526315789473684,0.10877192982456141
2025-07-27T03:28:44.667531,0.09473684210526316,0.16842105263157894,0.14736842105263157,0.17192982456140352,0.07719298245614035,0.12631578947368421,0.10526315789473684,0.10877192982456141
